model,waic,delta_waic,p_waic,n_data,cov_mode,unit
mond,15201.862834621372,0.0,275.53942930690846,1782,diag,per_point
mond,13870.80006666928,0.0,171.81035619516817,91,full,per_gal
