model,elpd_loo,p_loo,looic,n_data,delta_looic,rank
ptq-nu,-7537.480579419832,272.18504240770363,15074.961158839664,1782,0.0,1
mond,-7568.097125404858,265.6686624695684,15136.194250809716,1782,61.233091970052556,2
mond-screen,-7585.501739796141,293.01148179100267,15171.003479592282,1782,96.04232075261825,3
ptq-screen,-7675.923823102261,320.5662899140716,15351.847646204522,1782,276.8864873648581,4
