model,elpd_loo,p_loo,looic,n_data,delta_looic,rank
ptq-nu,-7586.090940302849,276.38741332993754,15172.181880605698,1782,0.0,1
ptq-screen,-7606.837329620804,318.74207917363174,15213.674659241608,1782,41.49277863590942,2
mond,-7610.250340281757,288.6592173689263,15220.500680563515,1782,48.318799957816736,3
ptq,-8027.749042500895,194.2915407869825,16055.49808500179,1782,883.316204396091,4
baryon,-9808.57594299412,109.07425720623591,19617.15188598824,1782,4444.970005382544,5
nfw1p,-15639.524689584894,6873.477984885451,31279.049379169788,1782,16106.86749856409,6
