model,lppd,p_waic,waic,delta_lppd_vs_best,delta_pwaic_vs_best,delta_waic_vs_best
ptq-nu,-7309.70352697291,268.60959247453013,15156.626238894882,0.0,0.0,0.0
ptq-screen,-7288.095250447171,309.3783830004463,15194.947266895233,21.60827652573971,40.76879052591619,38.32102800035136
mond,-7321.591122912829,282.36206676592894,15207.906379357515,-11.887595939918356,13.752474291398812,51.280140462633426
ptq,-7833.4575017139105,189.18385268974185,16045.282708807305,-523.7539747410001,-79.42573978478828,888.6564699124228
baryon,-9699.501685787884,108.17494894093028,19615.353269457628,-2389.7981588149732,-160.43464353359985,4458.727030562746
nfw1p,-8766.046704699442,9225.397006363446,35982.88742212577,-1456.3431777265314,8956.787413888916,20826.26118323089
