r_bin,radius_min_kpc,radius_max_kpc,pwaic_contribution,n_points
1,0.08,1.99,43.50617334067185,344
2,2.0,4.99,49.53445741333128,367
3,5.01,9.99,70.74224350570488,428
4,10.04,19.97,48.32063307205573,331
5,20.05,49.99,44.061369927392526,260
6,50.24,108.31,7.2348649721216365,52
