{
  "prefix": "kappa_profile_cos",
  "eps_norm": "cos",
  "A": -0.0014392973169640663,
  "B": 0.035857717234323495,
  "R2": 0.007996094097751927,
  "N": 13,
  "epsilon_fit": 0.15514831461431441,
  "epsilon_cos": 1.47,
  "scale_fit_to_cos": 1.0,
  "eta_hat": -0.0014392973169640663,
  "B_cos": 0.035857717234323495,
  "binned_csv": "results/revision_baseline_sixmodels_12000/ptq-nu_gauss/kappa_profile_cos_binned.csv"
}