model,AIC_full,BIC_full
ptq-screen,13776.337035844459,14291.97324699935
mond,13781.278301539565,14291.429021086426
mond-screen,13800.19545237389,14315.831663528781
